user_id,profile_url,blog_url,health_status,last_confirmed_at
1,https://icourse.club/user/1,http://jenny42.com/,redirected,2026-10-06T23:15:25Z
2,https://icourse.club/user/2,https://01.me/,reachable,2026-10-06T23:15:28Z
4,https://icourse.club/user/4,https://zhengzihan.com/,server_error,2026-10-06T23:15:31Z
10,https://icourse.club/user/10,https://cvhc.cc/,reachable,2026-10-06T23:15:34Z
14,https://icourse.club/user/14,http://ibat.me/,blocked,2026-10-06T23:15:37Z
15,https://icourse.club/user/15,http://wzhd.gitcafe.io/,dns_error,2026-10-06T23:15:40Z
16,https://icourse.club/user/16,http://home.ustc.edu.cn/~lyishuai,client_error,2026-10-06T23:15:42Z
59,https://icourse.club/user/59,http://kuriyamamika.blogspot.jp/,redirected,2026-10-06T23:15:45Z
64,https://icourse.club/user/64,http://home.ustc.edu.cn/~mouzq/,client_error,2026-10-06T23:15:48Z
116,https://icourse.club/user/116,https://ustclyh.github.io/,reachable,2026-10-06T23:15:52Z
121,https://icourse.club/user/121,https://www.zhangjy9610.me/index-cn.html,reachable,2026-10-06T23:15:55Z
190,https://icourse.club/user/190,http://peijunz.github.io/,client_error,2026-10-06T23:15:58Z
316,https://icourse.club/user/316,http://www.zhihu.com/people/gai-nie-39,blocked,2026-10-06T23:16:01Z
320,https://icourse.club/user/320,http://ewind.us/,redirected,2026-10-06T23:16:04Z
385,https://icourse.club/user/385,http://eipi10ydz.github.io/,redirected,2026-10-06T23:16:06Z
397,https://icourse.club/user/397,http://parlorpink.weebly.com/,client_error,2026-10-06T23:16:10Z
444,https://icourse.club/user/444,http://home.ustc.edu.cn/~ming9510,client_error,2026-10-06T23:16:13Z
450,https://icourse.club/user/450,http://0x01.me/,redirected,2026-10-06T23:16:16Z
455,https://icourse.club/user/455,http://ustczf.com/,blocked,2026-10-06T23:16:18Z
462,https://icourse.club/user/462,https://rat-racer.github.io/,reachable,2026-10-06T23:16:21Z
470,https://icourse.club/user/470,http://home.ustc.edu.cn/~qzr,client_error,2026-10-06T23:16:25Z
502,https://icourse.club/user/502,http://home.ustc.edu.cn/~bourbaki/,client_error,2026-10-06T23:16:27Z
506,https://icourse.club/user/506,http://home.ustc.edu.cn/~fluorine/,client_error,2026-10-06T23:16:30Z
511,https://icourse.club/user/511,http://ustchhy.me/,dns_error,2026-10-06T23:16:33Z
583,https://icourse.club/user/583,http://www.songchaow.cn/,redirected,2026-10-06T23:16:36Z
601,https://icourse.club/user/601,http://home.ustc.edu.cn/~zt001062,client_error,2026-10-06T23:16:40Z
634,https://icourse.club/user/634,http://cims.nyu.edu/~lz2088,blocked,2026-10-06T23:16:43Z
754,https://icourse.club/user/754,http://nirvana.blog.ustc.edu.cn/,dns_error,2026-10-06T23:16:46Z
777,https://icourse.club/user/777,http://rbword.blog.ustc.edu.cn/,dns_error,2026-10-06T23:16:49Z
790,https://icourse.club/user/790,http://home.ustc.edu.cn/~xiangrui,client_error,2026-10-06T23:16:51Z
809,https://icourse.club/user/809,http://home.ustc.edu.cn/~hzzzkd/,client_error,2026-10-06T23:16:54Z
922,https://icourse.club/user/922,http://micro.ustc.edu.cn/DingZJ/,blocked,2026-10-06T23:16:57Z
1001,https://icourse.club/user/1001,http://home.ustc.edu.cn/~xcss1104,client_error,2026-10-06T23:17:00Z
1091,https://icourse.club/user/1091,http://www.lwoo1999.cn/,dns_error,2026-10-06T23:17:02Z
1173,https://icourse.club/user/1173,https://shaofengwu123.github.io/,reachable,2026-10-06T23:17:05Z
1416,https://icourse.club/user/1416,http://home.ustc.edu.cn/~tageniu/,client_error,2026-10-06T23:17:09Z
1581,https://icourse.club/user/1581,https://www.taoky.moe/,reachable,2026-10-06T23:17:12Z
1588,https://icourse.club/user/1588,http://home.ustc.edu.cn/~joey99,client_error,2026-10-06T23:17:15Z
1622,https://icourse.club/user/1622,http://home.ustc.edu.cn/~fym0503,client_error,2026-10-06T23:17:18Z
1636,https://icourse.club/user/1636,https://cyugao.github.io/,reachable,2026-10-06T23:17:21Z
1652,https://icourse.club/user/1652,http://home.ustc.edu.cn/~matrix98,client_error,2026-10-06T23:17:24Z
1808,https://icourse.club/user/1808,http://home.ustc.edu.cn/~wt1997,redirected,2026-10-06T23:17:27Z
1924,https://icourse.club/user/1924,https://adven00.github.io/,reachable,2026-10-06T23:17:30Z
1939,https://icourse.club/user/1939,https://www.bilibili.com/video/BV1GJ411x7h7,reachable,2026-10-06T23:17:33Z
2080,https://icourse.club/user/2080,http://david-ustc.github.io/,redirected,2026-10-06T23:17:36Z
2087,https://icourse.club/user/2087,http://www.po-i.life/,dns_error,2026-10-06T23:17:40Z
2111,https://icourse.club/user/2111,http://home.ustc.edu.cn/~pyh2018,client_error,2026-10-06T23:17:42Z
2114,https://icourse.club/user/2114,http://home.ustc.edu.cn/~wtd2018/,client_error,2026-10-06T23:17:45Z
2193,https://icourse.club/user/2193,http://home.ustc.edu.cn/~yanhaoming,client_error,2026-10-06T23:17:49Z
2201,https://icourse.club/user/2201,https://lsy617004926.github.io/,reachable,2026-10-06T23:17:51Z
2206,https://icourse.club/user/2206,https://www.bilibili.com/bangumi/play/ep103591,reachable,2026-10-06T23:17:54Z
2264,https://icourse.club/user/2264,https://live.bilibili.com/22625027,reachable,2026-10-06T23:17:58Z
2272,https://icourse.club/user/2272,http://home.ustc.edu.cn/~stevenw0916,redirected,2026-10-06T23:18:00Z
2288,https://icourse.club/user/2288,http://home.ustc.edu.cn/~yongchengzheng,client_error,2026-10-06T23:18:03Z
2341,https://icourse.club/user/2341,http://home.ustc.edu.cn/~volar/,client_error,2026-10-06T23:18:06Z
2349,https://icourse.club/user/2349,https://m.bilibili.com/space/384521381,redirected,2026-10-06T23:18:09Z
2410,https://icourse.club/user/2410,http://space.bilibili.com/1832676,redirected,2026-10-06T23:18:13Z
2488,https://icourse.club/user/2488,https://github.com/realCattleya,client_error,2026-10-06T23:18:16Z
2524,https://icourse.club/user/2524,http://math.ustc.edu.cn/Ch/faculty/index.php?f_name=%D0%FB%B1%BE%BD%F0,client_error,2026-10-06T23:18:18Z
2621,https://icourse.club/user/2621,http://home.ustc.edu.cn/~yangxiaodong,client_error,2026-10-06T23:18:21Z
2625,https://icourse.club/user/2625,http://www.114514.com/,redirected,2026-10-06T23:18:24Z
2631,https://icourse.club/user/2631,http://home.ustc.edu.cn/~lwh1106,client_error,2026-10-06T23:18:28Z
2682,https://icourse.club/user/2682,http://jw.ustc.edu.cn/,redirected,2026-10-06T23:18:31Z
2711,https://icourse.club/user/2711,http://1145141919810.com/,timeout,2026-10-06T23:18:34Z
2736,https://icourse.club/user/2736,http://home.ustc.edu.cn/~jerryao/,client_error,2026-10-06T23:18:37Z
2776,https://icourse.club/user/2776,http://home.ustc.edu.cn/~luke2001/,client_error,2026-10-06T23:18:40Z
2800,https://icourse.club/user/2800,http://home.ustc.edu.cn/~yssickjgd,redirected,2026-10-06T23:18:42Z
2829,https://icourse.club/user/2829,http://home.ustc.edu.cn/~tian18,client_error,2026-10-06T23:18:45Z
2832,https://icourse.club/user/2832,https://www.wdmota.com/,reachable,2026-10-06T23:18:49Z
2850,https://icourse.club/user/2850,http://home.ustc.edu.cn/~pscgylotti/,reachable,2026-10-06T23:18:52Z
2868,https://icourse.club/user/2868,http://boyiwei.com/,redirected,2026-10-06T23:18:55Z
2997,https://icourse.club/user/2997,http://pplab.ustc.edu.cn/,dns_error,2026-10-06T23:18:58Z
3025,https://icourse.club/user/3025,https://space.bilibili.com/402574397?from=search&seid=16651954183246406294,reachable,2026-10-06T23:19:01Z
3058,https://icourse.club/user/3058,https://www.douban.com/people/yaogr/,reachable,2026-10-06T23:19:03Z
3064,https://icourse.club/user/3064,http://staff.ustc.edu.cn/~tongxu/,reachable,2026-10-06T23:19:06Z
3137,https://icourse.club/user/3137,https://r.mtdv.me/blog/posts/mye0zacSBq,blocked,2026-10-06T23:19:10Z
3197,https://icourse.club/user/3197,https://www.icourse.club/user/,client_error,2026-10-06T23:19:12Z
3298,https://icourse.club/user/3298,https://blog.csdn.net/cggwz,reachable,2026-10-06T23:19:15Z
3384,https://icourse.club/user/3384,http://home.ustc.edu.cn/~feqi/,reachable,2026-10-06T23:19:18Z
3415,https://icourse.club/user/3415,http://home.ustc.edu.cn/~zz0312/,reachable,2026-10-06T23:19:22Z
3423,https://icourse.club/user/3423,http://home.ustc.edu.cn/~wxl20010508,client_error,2026-10-06T23:19:25Z
3440,https://icourse.club/user/3440,http://home.ustc.edu.cn/~zyx240014,client_error,2026-10-06T23:19:28Z
3502,https://icourse.club/user/3502,http://home.ustc.edu.cn/~lyq010303/,reachable,2026-10-06T23:19:32Z
3537,https://icourse.club/user/3537,https://scholar.google.com/citations?user=JD58ZWQAAAAJ&hl=zh-CN,reachable,2026-10-06T23:19:35Z
3552,https://icourse.club/user/3552,https://jiming.site/,reachable,2026-10-06T23:19:38Z
3598,https://icourse.club/user/3598,https://www.zhihu.com/people/liu-xing-yu-72-53,blocked,2026-10-06T23:19:41Z
3601,https://icourse.club/user/3601,https://he-jiazhi.github.io/,reachable,2026-10-06T23:19:44Z
3653,https://icourse.club/user/3653,https://space.bilibili.com/36022677,reachable,2026-10-06T23:19:47Z
3664,https://icourse.club/user/3664,http://home.ustc.edu.cn/~lumiao,client_error,2026-10-06T23:19:50Z
3698,https://icourse.club/user/3698,https://cathy-cai.page/,reachable,2026-10-06T23:19:53Z
3742,https://icourse.club/user/3742,https://sjl1273249044.wixsite.com/sunjack,reachable,2026-10-06T23:19:56Z
3783,https://icourse.club/user/3783,http://home.ustc.edu.cn/~sprout,client_error,2026-10-06T23:19:59Z
3860,https://icourse.club/user/3860,https://ustcforum.com/d/3703,reachable,2026-10-06T23:20:02Z
4216,https://icourse.club/user/4216,http://staff.ustc.edu.cn/~zhoushy/index.html,reachable,2026-10-06T23:20:05Z
4243,https://icourse.club/user/4243,http://home.ustc.edu.cn/~wangxiangqi,redirected,2026-10-06T23:20:08Z
4254,https://icourse.club/user/4254,https://jpwang.site/,reachable,2026-10-06T23:20:11Z
4262,https://icourse.club/user/4262,https://ustc-dysania.github.io/,reachable,2026-10-06T23:20:14Z
4387,https://icourse.club/user/4387,http://futwangalerda.github.io/,redirected,2026-10-06T23:20:18Z
4406,https://icourse.club/user/4406,https://txtxj.top/,reachable,2026-10-06T23:20:20Z
4457,https://icourse.club/user/4457,http://home.ustc.edu.cn/~zzx2002/new,client_error,2026-10-06T23:20:23Z
4480,https://icourse.club/user/4480,http://home.ustc.edu.cn/~jiajie/,client_error,2026-10-06T23:20:26Z
4483,https://icourse.club/user/4483,http://archaeus13.github.io/,redirected,2026-10-06T23:20:29Z
4553,https://icourse.club/user/4553,http://home.ustc.edu.cn/~ziheng,redirected,2026-10-06T23:20:32Z
4572,https://icourse.club/user/4572,http://home.ustc.edu.cn/~ycyoung2020/,reachable,2026-10-06T23:20:35Z
4580,https://icourse.club/user/4580,https://github.com/cyzkrau,reachable,2026-10-06T23:20:38Z
4619,https://icourse.club/user/4619,https://www.bilibili.com/video/BV1ea4y1W7x1/,reachable,2026-10-06T23:20:41Z
4631,https://icourse.club/user/4631,https://icourse.club/user/4631,reachable,2026-10-06T23:20:44Z
4734,https://icourse.club/user/4734,http://home.ustc.edu.cn/~wyx_mail/,client_error,2026-10-06T23:20:47Z
4754,https://icourse.club/user/4754,http://zhichenzzz.github.io/,redirected,2026-10-06T23:20:50Z
4811,https://icourse.club/user/4811,http://home.ustc.edu.cn/~lixuanyu/main_en/home.html,client_error,2026-10-06T23:20:52Z
4908,https://icourse.club/user/4908,http://staff.ustc.edu.cn/~zbtang/,reachable,2026-10-06T23:20:55Z
4979,https://icourse.club/user/4979,http://staff.ustc.edu.cn/~hstan/,reachable,2026-10-06T23:20:58Z
5002,https://icourse.club/user/5002,https://bessgendre.github.io/,reachable,2026-10-06T23:21:01Z
5040,https://icourse.club/user/5040,https://www.bilibili.com/video/BV1GJ411x7h7,reachable,2026-10-06T23:21:04Z
5116,https://icourse.club/user/5116,http://lstarnana7mi.com/,dns_error,2026-10-06T23:21:07Z
5195,https://icourse.club/user/5195,http://home.ustc.edu.cn/~es020711/home/,reachable,2026-10-06T23:21:10Z
5352,https://icourse.club/user/5352,https://himalalps.github.io/,redirected,2026-10-06T23:21:13Z
5396,https://icourse.club/user/5396,https://home.ustc.edu.cn/~brealid,client_error,2026-10-06T23:21:17Z
5409,https://icourse.club/user/5409,http://home.ustc.edu.cn/~eastwind/,reachable,2026-10-06T23:21:19Z
5501,https://icourse.club/user/5501,http://leoneed.space/,dns_error,2026-10-06T23:21:22Z
5560,https://icourse.club/user/5560,https://vdse.bdstatic.com//192d9a98d782d9c74c96f09db9378d93.mp4,reachable,2026-10-06T23:21:25Z
5676,https://icourse.club/user/5676,https://oybdooo.github.io/,redirected,2026-10-06T23:21:29Z
5677,https://icourse.club/user/5677,https://www.zhihu.com/people/swayee2022,blocked,2026-10-06T23:21:32Z
5721,https://icourse.club/user/5721,http://home.ustc.edu.cn/~liuyuanche,redirected,2026-10-06T23:21:34Z
5768,https://icourse.club/user/5768,http://home.ustc.edu.cn/~shiyaowei040126,redirected,2026-10-06T23:21:38Z
5878,https://icourse.club/user/5878,http://zsbzsb.cnblogs.com/,redirected,2026-10-06T23:21:40Z
5894,https://icourse.club/user/5894,http://home.ustc.edu.cn/~cc22155,client_error,2026-10-06T23:21:43Z
5923,https://icourse.club/user/5923,https://space.bilibili.com/117253680,reachable,2026-10-06T23:21:47Z
6087,https://icourse.club/user/6087,https://mint-cyq.github.io/,reachable,2026-10-06T23:21:50Z
6208,https://icourse.club/user/6208,https://k-telux.github.io/,reachable,2026-10-06T23:21:52Z
6280,https://icourse.club/user/6280,https://yiyang-github.github.io/,client_error,2026-10-06T23:21:56Z
6436,https://icourse.club/user/6436,https://jonbgua.com/,client_error,2026-10-06T23:21:59Z
6478,https://icourse.club/user/6478,http://home.ustc.edu.cn/~wuyuewy/,reachable,2026-10-06T23:22:02Z
6576,https://icourse.club/user/6576,http://home.ustc.edu.cn/~yfrua/,reachable,2026-10-06T23:22:05Z
6643,https://icourse.club/user/6643,https://wk.baidu.com/view/b107bc46be1e650e52ea9909,redirected,2026-10-06T23:22:08Z
6674,https://icourse.club/user/6674,http://cs-pikachuu.github.io/,redirected,2026-10-06T23:22:11Z
6765,https://icourse.club/user/6765,http://home.ustc.edu.cn/~luiswang,redirected,2026-10-06T23:22:14Z
6795,https://icourse.club/user/6795,https://guyu168.github.io/,reachable,2026-10-06T23:22:16Z
6835,https://icourse.club/user/6835,http://www.4399.com/,redirected,2026-10-06T23:22:19Z
6916,https://icourse.club/user/6916,https://www.cnblogs.com/houchaoqun/,redirected,2026-10-06T23:22:22Z
7050,https://icourse.club/user/7050,http://home.ustc.edu.cn/~fa1247/,reachable,2026-10-06T23:22:25Z
7051,https://icourse.club/user/7051,https://github.com/Schordinger-Ronin,reachable,2026-10-06T23:22:28Z
7088,https://icourse.club/user/7088,http://home.ustc.edu.cn/~liangjh/,reachable,2026-10-06T23:22:31Z
7214,https://icourse.club/user/7214,http://www.cztcode.com/,redirected,2026-10-06T23:22:34Z
7230,https://icourse.club/user/7230,https://www.cnblogs.com/wysngblogs/,redirected,2026-10-06T23:22:37Z
7395,https://icourse.club/user/7395,https://langlang-02.github.io/,reachable,2026-10-06T23:22:40Z
7572,https://icourse.club/user/7572,http://ustc.edu.cn/,reachable,2026-10-06T23:22:43Z
7732,https://icourse.club/user/7732,https://ustcforum.com/u/shadowtheif,reachable,2026-10-06T23:22:46Z
7845,https://icourse.club/user/7845,https://lyuchangle2006.github.io/,reachable,2026-10-06T23:22:49Z
7858,https://icourse.club/user/7858,https://academic.mmdustc.top/,reachable,2026-10-06T23:22:52Z
7882,https://icourse.club/user/7882,http://yibowang2004.github.io/,redirected,2026-10-06T23:22:55Z
7886,https://icourse.club/user/7886,http://home.ustc.edu.cn/~caimx/,reachable,2026-10-06T23:22:58Z
7945,https://icourse.club/user/7945,http://blog.iw17.cc/,reachable,2026-10-06T23:23:01Z
7957,https://icourse.club/user/7957,https://www.zhihu.com/question/49745524/answer/1882947054944355726?utm_psn=1921605902340957858,blocked,2026-10-06T23:23:04Z
8008,https://icourse.club/user/8008,https://taitai2025.github.io/,reachable,2026-10-06T23:23:07Z
8015,https://icourse.club/user/8015,http://kaimoumou.notion.site/,redirected,2026-10-06T23:23:10Z
8020,https://icourse.club/user/8020,https://peanut-tang.github.io/,reachable,2026-10-06T23:23:13Z
8086,https://icourse.club/user/8086,http://2023.sodium.icu/,dns_error,2026-10-06T23:23:15Z
8139,https://icourse.club/user/8139,http://pems.ustc.edu.cn/,reachable,2026-10-06T23:23:19Z
8183,https://icourse.club/user/8183,http://www.azarai.top/,tls_error,2026-10-06T23:23:22Z
8318,https://icourse.club/user/8318,https://m.bilibili.com/video/BV1kW41147uB,redirected,2026-10-06T23:23:24Z
8672,https://icourse.club/user/8672,https://changshuoshen.github.io/,reachable,2026-10-06T23:23:27Z
8745,https://icourse.club/user/8745,https://github.com/XhyDds,reachable,2026-10-06T23:23:30Z
8815,https://icourse.club/user/8815,http://cs.ustc.edu.cn/2020/0906/c23239a460115/page.htm,reachable,2026-10-06T23:23:33Z
8830,https://icourse.club/user/8830,https://b23.tv/3QIdcmq,reachable,2026-10-06T23:23:36Z
8883,https://icourse.club/user/8883,https://yinxingxue.github.io/,reachable,2026-10-06T23:23:39Z
8933,https://icourse.club/user/8933,https://wenhaoyu1998.github.io/,client_error,2026-10-06T23:23:41Z
9263,https://icourse.club/user/9263,https://smart-ustc.github.io/,reachable,2026-10-06T23:23:44Z
9332,https://icourse.club/user/9332,https://blog.huarenjian.cn/,tls_error,2026-10-06T23:23:47Z
9427,https://icourse.club/user/9427,https://gzy02.github.io/,reachable,2026-10-06T23:23:50Z
9462,https://icourse.club/user/9462,http://ys.mihoyo.com/,redirected,2026-10-06T23:23:54Z
9558,https://icourse.club/user/9558,https://fuchow.github.io/,reachable,2026-10-06T23:23:58Z
9641,https://icourse.club/user/9641,https://github.com/duxiaoyang-creator/USTC-Course-Materials,reachable,2026-10-06T23:24:01Z
9711,https://icourse.club/user/9711,http://xn--fiqq6k45cmxcf2df98d.com/,redirected,2026-10-06T23:24:03Z
9754,https://icourse.club/user/9754,http://n1uf.github.io/,redirected,2026-10-06T23:24:07Z
9775,https://icourse.club/user/9775,https://github.com/qc-1/Course-Materials,reachable,2026-10-06T23:24:10Z
9872,https://icourse.club/user/9872,https://maimai.sega.jp/,reachable,2026-10-06T23:24:13Z
10088,https://icourse.club/user/10088,http://atrionline.me/,redirected,2026-10-06T23:24:15Z
10141,https://icourse.club/user/10141,https://github.com/lixiang0622,reachable,2026-10-06T23:24:18Z
10151,https://icourse.club/user/10151,http://scientificlan.github.io/,redirected,2026-10-06T23:24:22Z
10277,https://icourse.club/user/10277,http://bilibili.com/video/BV1JRVt6jEJ3/?spm_id_from=333.337.search-card.all.click,redirected,2026-10-06T23:24:24Z
10329,https://icourse.club/user/10329,https://www.cnblogs.com/litluo/,redirected,2026-10-06T23:24:27Z
10347,https://icourse.club/user/10347,https://academic.luosw.com.cn/,dns_error,2026-10-06T23:24:30Z
10379,https://icourse.club/user/10379,http://kangcanyao.github.io/,redirected,2026-10-06T23:24:34Z
10510,https://icourse.club/user/10510,https://cardigan0214.github.io/,reachable,2026-10-06T23:24:36Z
10627,https://icourse.club/user/10627,https://orcid.org/0000-0001-5614-4319,reachable,2026-10-06T23:24:40Z
10782,https://icourse.club/user/10782,https://yuyangzhang2006.github.io/,client_error,2026-10-06T23:24:43Z
10967,https://icourse.club/user/10967,https://www.newcastleunited.com/en,reachable,2026-10-06T23:24:45Z
10968,https://icourse.club/user/10968,https://proboscis-erkel.github.io/,reachable,2026-10-06T23:24:48Z
10979,https://icourse.club/user/10979,http://www.xn--fiqs8srwby7cba020i2hih02b.com/,dns_error,2026-10-06T23:24:52Z
11012,https://icourse.club/user/11012,https://mulious.github.io/,reachable,2026-10-06T23:24:55Z
11406,https://icourse.club/user/11406,https://icourse.club/user/settings/,redirected,2026-10-06T23:24:58Z
11421,https://icourse.club/user/11421,https://auto.ustc.edu.cn/teacher_details.php?i=70,client_error,2026-10-06T23:25:01Z
11706,https://icourse.club/user/11706,https://stardust-math.pages.dev/,reachable,2026-10-06T23:25:05Z
11757,https://icourse.club/user/11757,http://staff.ustc.edu.cn/~zqj/about/,reachable,2026-10-06T23:25:08Z
11874,https://icourse.club/user/11874,https://phiyu.github.io/,reachable,2026-10-06T23:25:11Z
11925,https://icourse.club/user/11925,https://siecho-garden-git-main-siecho-yins-projects.vercel.app/,reachable,2026-10-06T23:25:14Z
11997,https://icourse.club/user/11997,https://www.zhihu.com/people/randolph-36-94-59,blocked,2026-10-06T23:25:16Z
12022,https://icourse.club/user/12022,http://www.deartutu.com/,reachable,2026-10-06T23:25:19Z
12186,https://icourse.club/user/12186,https://github.com/yzguo,reachable,2026-10-06T23:25:21Z
12276,https://icourse.club/user/12276,https://xef2.top/,reachable,2026-10-06T23:25:24Z
12308,https://icourse.club/user/12308,https://bauklotze.vercel.app/,reachable,2026-10-06T23:25:27Z
12355,https://icourse.club/user/12355,https://mainsub.cc/,blocked,2026-10-06T23:25:30Z
12369,https://icourse.club/user/12369,http://miaoning.space/,dns_error,2026-10-06T23:25:34Z
12522,https://icourse.club/user/12522,https://map.bemanicn.com/,reachable,2026-10-06T23:25:37Z
12531,https://icourse.club/user/12531,https://b23.tv/vdeRcez,reachable,2026-10-06T23:25:40Z
12545,https://icourse.club/user/12545,https://marx.ustc.edu.cn/2025/0304/c30298a675471/page.htm,reachable,2026-10-06T23:25:43Z
12883,https://icourse.club/user/12883,https://baike.baidu.com/item/%E7%BB%B4%E5%B0%BC/4322,blocked,2026-10-06T23:25:46Z
12895,https://icourse.club/user/12895,http://lianghw.ustc.edu.cn/index.php,reachable,2026-10-06T23:25:49Z
12915,https://icourse.club/user/12915,https://app.molview.com/,reachable,2026-10-06T23:25:52Z
12918,https://icourse.club/user/12918,https://www.teach.ustc.edu.cn/,reachable,2026-10-06T23:25:55Z
12989,https://icourse.club/user/12989,https://poorotterbob.github.io/,client_error,2026-10-06T23:25:58Z
13285,https://icourse.club/user/13285,https://faculty.ustc.edu.cn/songguofeng/zh_CN/index.htm,reachable,2026-10-06T23:26:01Z
13356,https://icourse.club/user/13356,https://mirawind.top/,redirected,2026-10-06T23:26:03Z
13365,https://icourse.club/user/13365,https://blog.1nvictus.me/,reachable,2026-10-07T23:46:58Z
13482,https://icourse.club/user/13482,http://sulcop5.github.io/,redirected,2026-10-06T23:26:06Z
13508,https://icourse.club/user/13508,http://ai.com/,redirected,2026-10-06T23:26:10Z
13520,https://icourse.club/user/13520,http://lunarkn1ght.github.io/,redirected,2026-10-06T23:26:13Z
13599,https://icourse.club/user/13599,https://kclo4-li.github.io/,reachable,2026-10-06T23:26:16Z
13780,https://icourse.club/user/13780,https://space.bilibili.com/319693953,reachable,2026-10-06T23:26:18Z
13886,https://icourse.club/user/13886,https://wingtings.pages.dev/,reachable,2026-10-06T23:26:22Z
13964,https://icourse.club/user/13964,https://jackyzhang26.github.io/,reachable,2026-10-06T23:26:24Z
14464,https://icourse.club/user/14464,https://crazyaiden233.github.io/,reachable,2026-10-06T23:26:27Z
15351,https://icourse.club/user/15351,https://jingyizhang05.github.io/,reachable,2026-10-06T23:26:30Z
15982,https://icourse.club/user/15982,http://lodetech.ustc.edu.cn/,reachable,2026-10-06T23:26:33Z
16379,https://icourse.club/user/16379,http://staff.ustc.edu.cn/~hzli/,reachable,2026-10-06T23:26:36Z
16384,https://icourse.club/user/16384,https://kdelab.ustc.edu.cn/~jpq/,reachable,2026-10-06T23:26:38Z
16453,https://icourse.club/user/16453,https://www.lylighte.cc/,reachable,2026-10-06T23:26:41Z
16466,https://icourse.club/user/16466,https://zh-hans.chaturbate.com/,blocked,2026-10-06T23:26:44Z
17136,https://icourse.club/user/17136,https://joshuaxql.github.io/,reachable,2026-10-06T23:26:47Z
17487,https://icourse.club/user/17487,http://enthusjast.cc/,dns_error,2026-10-06T23:26:50Z
17706,https://icourse.club/user/17706,http://staff.ustc.edu.cn/~dinggj/index.html,reachable,2026-10-06T23:26:53Z
17760,https://icourse.club/user/17760,https://www.yuanshen.com/,reachable,2026-10-06T23:26:56Z
20161,https://icourse.club/user/20161,http://www.hfnl.ustc.edu.cn/detail?id=11324,client_error,2026-10-07T23:47:15Z
21241,https://icourse.club/user/21241,http://faculty.ustc.edu.cn/wuxinyu/zh_CN/index.htm,reachable,2026-10-07T23:47:18Z
21349,https://icourse.club/user/21349,https://learn.microsoft.com/en-us/windows/win32/api/winuser/ns-winuser-drawitemstruct,reachable,2026-10-07T23:47:21Z
21853,https://icourse.club/user/21853,http://mu2he.me/,redirected,2026-10-07T23:47:24Z
22687,https://icourse.club/user/22687,https://space.bilibili.com/5132046,reachable,2026-10-07T23:47:27Z
24673,https://icourse.club/user/24673,http://javaherobrine.github.io/,redirected,2026-10-06T00:58:59Z
